parcel_id,owner,area_sqm,village,verdict,matched_parcel_id,reason
BLR-001,Ramesh Kumar,210,JP Nagar 3rd Phase,Match,BLR-001,"Exact ID match; CSV 210 m² vs map 209.7 m² (+0.1%, within ±10%); WARNING: 2 CSV rows claim BLR-001"
blr-002,suresh gowda,200,jp nagar 3rd phase,Match,BLR-002,"Exact ID match; CSV 200 m² vs map 199.8 m² (+0.1%, within ±10%)"
 BLR-003 , Anitha Rao ,154,JP Nagar 3rd Phase,Match,BLR-003,"Exact ID match; CSV 154 m² vs map 155.3 m² (-0.8%, within ±10%)"
BLR-004,Latha M,204,JP Nagar 3rd Phase,Match,BLR-004,"Exact ID match; CSV 204 m² vs map 203.5 m² (+0.2%, within ±10%)"
BLR-005,Karthik N,246,JP Nagar 3rd Phase,Match,BLR-005,"Exact ID match; CSV 246 m² vs map 246.3 m² (-0.1%, within ±10%)"
BLR-006,Priya Shetty,201,JP Nagar 3rd Phase,Match,BLR-006,"Exact ID match; CSV 201 m² vs map 199.4 m² (+0.8%, within ±10%)"
BLR-007,Manjunath,171,JP Nagar 3rd Phase,Match,BLR-007,"Exact ID match; CSV 171 m² vs map 171.2 m² (-0.1%, within ±10%)"
BLR-008,Deepa Iyer,266,JP Nagar 3rd Phase,Match,BLR-008,"Exact ID match; CSV 266 m² vs map 267.6 m² (-0.6%, within ±10%)"
BLR-021,Ganesh Bhat,176,Marenahalli,Match,BLR-021,"Exact ID match; CSV 176 m² vs map 175.9 m² (+0.1%, within ±10%)"
BLR-022,Meena Reddy,344,Marenahalli,Match,BLR-022,"Exact ID match; CSV 344 m² vs map 345.2 m² (-0.3%, within ±10%)"
BLR-026,Vijay Kulkarni,156,Marenahalli,Match,BLR-026,"Exact ID match; CSV 156 m² vs map 155.6 m² (+0.3%, within ±10%)"
BLR-027,Ashwin Nair,354,Marenahalli,Match,BLR-027,"Exact ID match; CSV 354 m² vs map 355 m² (-0.3%, within ±10%)"
BLR-009,Ravi P,277,JP Nagar 3rd Phase,IdMatchAreaMismatch,BLR-009,"Exact ID match; CSV 277 m² vs map 199.9 m² (+38.6%, outside ±10%)"
BLR-010,Sunita Rao,138,JP Nagar 3rd Phase,IdMatchAreaMismatch,BLR-010,"Exact ID match; CSV 138 m² vs map 186.6 m² (-26.0%, outside ±10%)"
BLR-011,Kiran S,479,JP Nagar 3rd Phase,IdMatchAreaMismatch,BLR-011,"Exact ID match; CSV 479 m² vs map 259.3 m² (+84.7%, outside ±10%)"
BLR-023,Shalini,77,Marenahalli,IdMatchAreaMismatch,BLR-023,"Exact ID match; CSV 77 m² vs map 166.3 m² (-53.7%, outside ±10%)"
BLR-01Z,Naveen,209,JP Nagar 3rd Phase,NoMatch,,"Ambiguous: 4 map IDs at edit distance 1 (BLR-012, BLR-013, BLR-014, BLR-015); not guessing"
BLR-O13,Asha,203,JP Nagar 3rd Phase,FuzzyMatch,BLR-013,"Fuzzy ID match to BLR-013 (edit distance 1); CSV 203 m² vs map 203.2 m² (-0.1%, within ±10%); needs human review"
BLR-14,Prakash,524,JP Nagar 3rd Phase,FuzzyMatch,BLR-014,"Fuzzy ID match to BLR-014 (edit distance 1); CSV 524 m² vs map 525.4 m² (-0.3%, within ±10%); needs human review"
BLR-0155,Divya,234,JP Nagar 3rd Phase,FuzzyMatch,BLR-015,"Fuzzy ID match to BLR-015 (edit distance 1); CSV 234 m² vs map 233.4 m² (+0.3%, within ±10%); needs human review"
MYS-101,Rohit,1200,Mysore,NoMatch,,No unclaimed map ID within the fuzzy edit-distance limit
HAS-045,Neha,900,Hassan,NoMatch,,No unclaimed map ID within the fuzzy edit-distance limit
BLR-999,Arun,200,JP Nagar 3rd Phase,NoMatch,,No unclaimed map ID within the fuzzy edit-distance limit
BLR-016,Bhavya,,JP Nagar 3rd Phase,IdMatchAreaMismatch,BLR-016,"Exact ID match; area_sqm missing or non-numeric in CSV, cannot verify"
BLR-017,Chetan,537,JP Nagar 3rd Phase,Match,BLR-017,"Exact ID match; CSV 537 m² vs map 537.8 m² (-0.1%, within ±10%)"
BLR-018,Divya S,506,JP Nagar 3rd Phase,Match,BLR-018,"Exact ID match; CSV 506 m² vs map 508.6 m² (-0.5%, within ±10%)"
BLR-019,Ekta,235,JP Nagar 3rd Phase,Match,BLR-019,"Exact ID match; CSV 235 m² vs map 233.2 m² (+0.8%, within ±10%)"
BLR-020,Farhan,202,JP Nagar 3rd Phase,Match,BLR-020,"Exact ID match; CSV 202 m² vs map 202.1 m² (-0.0%, within ±10%)"
BLR-024,Girish,,Marenahalli,IdMatchAreaMismatch,BLR-024,"Exact ID match; area_sqm missing or non-numeric in CSV, cannot verify"
BLR-028,Harsha,157,Marenahalli,Match,BLR-028,"Exact ID match; CSV 157 m² vs map 156.8 m² (+0.1%, within ±10%)"
BLR-001,R. Kumar,N/A,JP Nagar 3rd Phase,IdMatchAreaMismatch,BLR-001,"Exact ID match; area_sqm missing or non-numeric in CSV, cannot verify; WARNING: 2 CSV rows claim BLR-001"
BLR-O25,Irfan,181,  MARENAHALLI ,NoMatch,,"Closest ID BLR-025 (edit distance 1) rejected: CSV 181 m² vs map 261.1 m² (-30.7%, outside ±10%)"
BLR-029,Jyothi,"2,953",Marenahalli,Match,BLR-029,"Exact ID match; CSV 2953 m² vs map 2950.5 m² (+0.1%, within ±10%)"
